spec_id,screen size,image display resolution,page_title
www.pricedekho.com//1146,2.7,230000d,"['pentax', 'optio', 'ls465', 'price', 'india', 'offers', 'full', 'specifications', 'pricedekhocom']"
www.pricedekho.com//1160,,,"['fujifilm', 'instax', 'mini', '25', 'instant', 'price', 'india', 'offers', 'full', 'specifications', 'pricedekhocom']"
www.pricedekho.com//1195,2.7,460800d,"['sony', 'cybershot', 'dscwx200', 'point', 'shoot', 'price', 'india', 'offers', 'reviews', 'full', 'specifications', 'pricedekhocom']"
www.pricedekho.com//1094,3,,"['canon', 'powershot', 'sx120', 'price', 'india', 'offers', 'reviews', 'full', 'specifications', 'pricedekhocom']"
www.pricedekho.com//1052,,,"['samsung', 'pl200', 'price', 'india', 'offers', 'reviews', 'full', 'specifications', 'pricedekhocom']"
www.pricedekho.com//1001,,,"['nikon', 'df', 'dslr', 'afs', '50mm', 'black', 'price', 'india', 'offers', 'reviews', 'full', 'specifications', 'pricedekhocom']"
www.pricedekho.com//1097,3,460000d,"['nikon', 's1200pj', 'point', 'shoot', 'price', 'india', 'offers', 'reviews', 'full', 'specifications', 'pricedekhocom']"
www.pricedekho.com//726,3,921600d,"['sony', 'cybershot', 'dschx20v', 'point', 'shoot', 'digital', 'camera', 'black', 'price', 'india', 'offers', 'reviews', 'full', 'specifications', 'pricedekhocom']"
www.pricedekho.com//1266,2.7,230000d,"['panasonic', 'lumix', 'dmcf3', 'point', 'shoot', 'digital', 'camera', 'black', 'price', 'india', 'offers', 'full', 'specifications', 'pricedekhocom']"
www.pricedekho.com//1039,,,"['nikon', 'coolpix', 's5300', 'point', 'shoot', 'digital', 'camera', 'black', 'price', 'india', 'offers', 'reviews', 'full', 'specifications', 'pricedekhocom']"
www.pricedekho.com//1221,3,,"['canon', 'powershot', 'g1x', 'point', 'shoot', 'digital', 'camera', 'black', 'price', 'india', 'offers', 'reviews', 'full', 'specifications', 'pricedekhocom']"
www.pricedekho.com//1135,3.5,230000d,"['panasonic', 'lumix', 'dmc', 'fp7', 'point', 'shoot', 'price', 'india', 'offers', 'full', 'specifications', 'pricedekhocom']"
www.pricedekho.com//986,,,"['sony', 'cybershot', 'dscw690', 'point', 'shoot', 'digital', 'camera', 'black', 'price', 'india', 'offers', 'reviews', 'full', 'specifications', 'pricedekhocom']"
www.pricedekho.com//1047,,,"['canon', 'powershot', 'a1200', 'price', 'india', 'offers', 'reviews', 'full', 'specifications', 'pricedekhocom']"
www.pricedekho.com//1236,2.7,,"['nikon', 'coolpix', 's3300', 'point', 'shoot', 'digital', 'camera', 'blue', 'price', 'india', 'offers', 'full', 'specifications', 'pricedekhocom']"
www.pricedekho.com//1085,,,"['nikon', 'coolpix', 'l610', 'point', 'shoot', 'digital', 'camera', 'black', 'price', 'india', 'offers', 'reviews', 'full', 'specifications', 'pricedekhocom']"
www.pricedekho.com//1220,3.2,920000d,"['canon', 'eos', '5d', 'dslr', 'mark', 'ii', 'body', 'black', 'price', 'india', 'offers', 'reviews', 'full', 'specifications', 'pricedekhocom']"
www.pricedekho.com//1030,,,"['panasonic', 'lumix', 'dmcs1', 'point', 'shoot', 'digital', 'camera', 'black', 'price', 'india', 'offers', 'full', 'specifications', 'pricedekhocom']"
www.pricedekho.com//1106,2.7,230000d,"['benq', 'ae100', 'price', 'india', 'offers', 'full', 'specifications', 'pricedekhocom']"
www.pricedekho.com//1028,,,"['samsung', 'st72', 'point', 'shoot', 'digital', 'camera', 'black', 'price', 'india', 'offers', 'full', 'specifications', 'pricedekhocom']"
www.pricedekho.com//987,,,"['canon', 'powershot', 's95', 'point', 'shoot', 'price', 'india', 'offers', 'reviews', 'full', 'specifications', 'pricedekhocom']"
www.pricedekho.com//1211,3,460000d,"['olympus', 'vr350', 'point', 'shoot', 'digital', 'camera', 'black', 'price', 'india', 'offers', 'reviews', 'full', 'specifications', 'pricedekhocom']"
www.pricedekho.com//1090,2.7,230000d,"['panasonic', 'lumix', 'dmcfh2', 'point', 'shoot', 'digital', 'camera', 'black', 'price', 'india', 'offers', 'full', 'specifications', 'pricedekhocom']"
www.pricedekho.com//1170,2.7,230000d,"['fujifilm', 'finepix', 'jx500', 'point', 'shoot', 'digital', 'camera', 'black', 'price', 'india', 'offers', 'full', 'specifications', 'pricedekhocom']"
www.pricedekho.com//985,,,"['canon', 'ixus', '255', 'hs', 'point', 'shoot', 'digital', 'camera', 'black', 'price', 'india', 'offers', 'reviews', 'full', 'specifications', 'pricedekhocom']"
www.pricedekho.com//983,,,"['nikon', 'd3200', 'dslr', 'body', 'black', 'price', 'india', 'offers', 'reviews', 'full', 'specifications', 'pricedekhocom']"
www.pricedekho.com//733,2.7,,"['sony', 'cyber', 'shot', 'w800', 'price', 'india', 'offers', 'reviews', 'full', 'specifications', 'pricedekhocom']"
www.pricedekho.com//1041,,,"['nikon', 'coolpix', 'aw120', 'point', 'shoot', 'price', 'india', 'offers', 'reviews', 'full', 'specifications', 'pricedekhocom']"
www.pricedekho.com//1206,1,,"['sony', 'cybershot', 'qx100', 'price', 'india', 'offers', 'full', 'specifications', 'pricedekhocom']"
www.pricedekho.com//959,,,"['samsung', 'wb150f', 'point', 'shoot', 'price', 'india', 'offers', 'full', 'specifications', 'pricedekhocom']"
www.pricedekho.com//1227,3,1040000d,"['canon', 'eos', '60d', 'dslr', 'body', 'black', 'price', 'india', 'offers', 'reviews', 'full', 'specifications', 'pricedekhocom']"
www.pricedekho.com//772,2.7,230000d,"['fujifilm', 'finepix', 'ax500', 'point', 'shoot', 'digital', 'camera', 'black', 'price', 'india', 'offers', 'reviews', 'full', 'specifications', 'pricedekhocom']"
www.pricedekho.com//737,3,461000d,"['canon', 'powershot', 'sx500', 'point', 'shoot', 'price', 'india', 'offers', 'reviews', 'full', 'specifications', 'pricedekhocom']"
www.pricedekho.com//1016,,,"['nikon', 'coolpix', 'p530', 'point', 'shoot', 'price', 'india', 'offers', 'reviews', 'full', 'specifications', 'pricedekhocom']"
www.pricedekho.com//1045,,,"['canon', 'ixus', '220', 'hs', 'point', 'shoot', 'digital', 'camera', 'black', 'price', 'india', 'offers', 'reviews', 'full', 'specifications', 'pricedekhocom']"
www.pricedekho.com//1048,,,"['nikon', 'coolpix', 'p300', 'point', 'shoot', 'price', 'india', 'offers', 'full', 'specifications', 'pricedekhocom']"
www.pricedekho.com//1043,,,"['sony', 'slta55vl', 'slr', 'price', 'india', 'offers', 'full', 'specifications', 'pricedekhocom']"
www.pricedekho.com//1009,,,"['panasonic', 'lumix', 'dmcfp1', 'point', 'shoot', 'digital', 'camera', 'black', 'price', 'india', 'offers', 'full', 'specifications', 'pricedekhocom']"
www.pricedekho.com//972,,,"['nikon', 'coolpix', 's6400', 'point', 'shoot', 'digital', 'camera', 'black', 'price', 'india', 'offers', 'reviews', 'full', 'specifications', 'pricedekhocom']"
www.pricedekho.com//1108,3,,"['nikon', 'coolpix', 's9300', 'point', 'shoot', 'digital', 'camera', 'blue', 'price', 'india', 'offers', 'full', 'specifications', 'pricedekhocom']"
www.pricedekho.com//743,3,921000d,"['nikon', 'coolpix', 'l810', 'point', 'shoot', 'digital', 'camera', 'black', 'price', 'india', 'offers', 'reviews', 'full', 'specifications', 'pricedekhocom']"
www.pricedekho.com//1107,2.7,230000d,"['nikon', 'coolpix', 's02', 'pink', 'price', 'india', 'offers', 'full', 'specifications', 'pricedekhocom']"
www.pricedekho.com//1145,3,920000d,"['canon', 'eos', '500d', 'dslr', 'kit', 'efs1855mm', 'black', 'price', 'india', 'offers', 'reviews', 'full', 'specifications', 'pricedekhocom']"
www.pricedekho.com//1134,3,230000d,"['samsung', 'es30', 'point', 'shoot', 'digital', 'camera', 'black', 'price', 'india', 'offers', 'full', 'specifications', 'pricedekhocom']"
www.pricedekho.com//1239,2.7,,"['samsung', 'wb35f', 'digital', 'camera', 'price', 'india', 'offers', 'reviews', 'full', 'specifications', 'pricedekhocom']"
www.pricedekho.com//1139,3,230000d,"['olympus', 'vr320', 'point', 'shoot', 'digital', 'camera', 'black', 'price', 'india', 'offers', 'full', 'specifications', 'pricedekhocom']"
www.pricedekho.com//1033,,,"['canon', 'eos', '60d', 'dslr', 'kit', 'efs1855mm', 'black', 'price', 'india', 'offers', 'reviews', 'full', 'specifications', 'pricedekhocom']"
www.pricedekho.com//1078,,,"['sony', 'cybershot', 'dschx10v', 'point', 'shoot', 'digital', 'camera', 'black', 'price', 'india', 'offers', 'reviews', 'full', 'specifications', 'pricedekhocom']"
www.pricedekho.com//1169,3,,"['panasonic', 'hc', 'v750', 'price', 'india', 'offers', 'full', 'specifications', 'pricedekhocom']"
www.pricedekho.com//1044,,,"['olympus', 'tg', '310', 'price', 'india', 'offers', 'reviews', 'full', 'specifications', 'pricedekhocom']"
www.pricedekho.com//1207,3,230000d,"['panasonic', 'lumix', 'dmctz18', 'point', 'shoot', 'digital', 'camera', 'black', 'price', 'india', 'offers', 'full', 'specifications', 'pricedekhocom']"
www.pricedekho.com//741,3,921600d,"['sony', 'alpha', 'slta77', 'dslr', '18135mm', 'price', 'india', 'offers', 'reviews', 'full', 'specifications', 'pricedekhocom']"
www.pricedekho.com//1129,3,230000d,"['olympus', 'vg160', 'point', 'shoot', 'digital', 'camera', 'black', 'price', 'india', 'offers', 'reviews', 'full', 'specifications', 'pricedekhocom']"
www.pricedekho.com//1027,,,"['olympus', 't110', 'point', 'shoot', 'digital', 'camera', 'black', 'price', 'india', 'offers', 'full', 'specifications', 'pricedekhocom']"
www.pricedekho.com//1122,3.2,,"['nikon', 'd750', 'dslr', 'price', 'india', 'offers', 'full', 'specifications', 'pricedekhocom']"
www.pricedekho.com//770,3,610000d,"['olympus', 'omd', 'em5', 'mirrorless', 'kit', '1250mm', 'black', 'price', 'india', 'offers', 'full', 'specifications', 'pricedekhocom']"
www.pricedekho.com//1010,,,"['olympus', 'stylus', 'xz2', 'point', 'shoot', 'price', 'india', 'offers', 'reviews', 'full', 'specifications', 'pricedekhocom']"
www.pricedekho.com//1007,,,"['samsung', 'smart', 'wb200f', 'point', 'shoot', 'digital', 'camera', 'white', 'price', 'india', 'offers', 'full', 'specifications', 'pricedekhocom']"
www.pricedekho.com//750,2.8,461000d,"['canon', 'power', 'shot', 'sx50', 'hs', 'point', 'shoot', 'price', 'india', 'offers', 'reviews', 'full', 'specifications', 'pricedekhocom']"
www.pricedekho.com//965,,,"['sony', 'cybershot', 'dscw710', 'point', 'shoot', 'digital', 'camera', 'black', 'price', 'india', 'offers', 'reviews', 'full', 'specifications', 'pricedekhocom']"
www.pricedekho.com//1074,,,"['canon', 'eos', '550d', 'dslr', 'kit', 'efs18135mm', 'ii', 'black', 'price', 'india', 'offers', 'reviews', 'full', 'specifications', 'pricedekhocom']"
www.pricedekho.com//728,3,,"['samsung', 'wb650', 'price', 'india', 'offers', 'reviews', 'full', 'specifications', 'pricedekhocom']"
www.pricedekho.com//1253,3,921000d,"['nikon', 'coolpix', 'l820', 'point', 'shoot', 'digital', 'camera', 'black', 'price', 'india', 'offers', 'reviews', 'full', 'specifications', 'pricedekhocom']"
www.pricedekho.com//1249,3.2,1229000d,"['nikon', 'd7100', 'dslr', 'body', 'black', 'price', 'india', 'offers', 'reviews', 'full', 'specifications', 'pricedekhocom']"
www.pricedekho.com//953,,,"['sony', 'cybershot', 'dschx300', 'point', 'shoot', 'price', 'india', 'offers', 'reviews', 'full', 'specifications', 'pricedekhocom']"
www.pricedekho.com//1225,3,,"['nikon', 'd3300', 'dslr', 'body', 'black', 'price', 'india', 'offers', 'full', 'specifications', 'pricedekhocom']"
www.pricedekho.com//1029,,,"['sony', 'alpha', 'a290', 'slr', 'price', 'india', 'offers', 'full', 'specifications', 'pricedekhocom']"
www.pricedekho.com//1213,3,230000d,"['fujifilm', 'finepix', 's2980', 'point', 'shoot', 'price', 'india', 'offers', 'full', 'specifications', 'pricedekhocom']"
www.pricedekho.com//1086,,,"['canon', 'eos', '700d', 'body', 'price', 'india', 'offers', 'reviews', 'full', 'specifications', 'pricedekhocom']"
www.pricedekho.com//998,,,"['canon', 'eos', '550d', 'dslr', 'body', 'black', 'price', 'india', 'offers', 'reviews', 'full', 'specifications', 'pricedekhocom']"
www.pricedekho.com//1000,,,"['canon', 'eos', '5d', 'slr', 'mark', 'iii', 'kit', 'efs24105mm', 'black', 'price', 'india', 'offers', 'reviews', 'full', 'specifications', 'pricedekhocom']"
www.pricedekho.com//1069,,,"['canon', 'powershot', 'sx260', 'hs', 'point', 'shoot', 'digital', 'camera', 'black', 'price', 'india', 'offers', 'reviews', 'full', 'specifications', 'pricedekhocom']"
www.pricedekho.com//1126,3,,"['nikon', 'coolpix', 's6800', 'price', 'india', 'offers', 'reviews', 'full', 'specifications', 'pricedekhocom']"
www.pricedekho.com//1095,2.7,230000d,"['nikon', 'coolpix', 's02', 'white', 'price', 'india', 'offers', 'full', 'specifications', 'pricedekhocom']"
www.pricedekho.com//1192,3,460800d,"['sony', 'cybershot', 'dsch90', 'point', 'shoot', 'digital', 'camera', 'black', 'price', 'india', 'offers', 'reviews', 'full', 'specifications', 'pricedekhocom']"
www.pricedekho.com//1168,3,,"['olympus', 'e', '5', 'slr', 'price', 'india', 'offers', 'full', 'specifications', 'pricedekhocom']"
www.pricedekho.com//725,,,"['sony', 'nex3nl', 'mirrorless', '1650', 'mm', 'price', 'india', 'offers', 'full', 'specifications', 'pricedekhocom']"
www.pricedekho.com//1034,,,"['nikon', 'coolpix', 's6700', 'price', 'india', 'offers', 'reviews', 'full', 'specifications', 'pricedekhocom']"
www.pricedekho.com//993,,,"['canon', 'eos', '6d', 'dslr', 'kit', 'ii', 'efs2470mm', 'black', 'price', 'india', 'offers', 'reviews', 'full', 'specifications', 'pricedekhocom']"
www.pricedekho.com//971,,,"['panasonic', 'lumix', 'dmc', 'fz47', 'price', 'india', 'offers', 'full', 'specifications', 'pricedekhocom']"
www.pricedekho.com//1073,,,"['ricoh', 'pentax', 'x5', 'price', 'india', 'offers', 'reviews', 'full', 'specifications', 'pricedekhocom']"
www.pricedekho.com//970,,,"['sony', 'alpha', 'a7', 'price', 'india', 'offers', 'reviews', 'full', 'specifications', 'pricedekhocom']"
www.pricedekho.com//1216,2.7,230000d,"['nikon', 'coolpix', 's6000', 'point', 'shoot', 'digital', 'camera', 'black', 'price', 'india', 'offers', 'full', 'specifications', 'pricedekhocom']"
www.pricedekho.com//1196,3,230000d,"['canon', 'powershot', 'sx160', 'point', 'shoot', 'digital', 'camera', 'black', 'price', 'india', 'offers', 'reviews', 'full', 'specifications', 'pricedekhocom']"
www.pricedekho.com//1240,3,461000d,"['canon', 'powershot', 'sx220', 'hs', 'point', 'shoot', 'price', 'india', 'offers', 'full', 'specifications', 'pricedekhocom']"
www.pricedekho.com//982,,,"['nikon', 'coolpix', 's6300', 'point', 'shoot', 'digital', 'camera', 'black', 'price', 'india', 'offers', 'reviews', 'full', 'specifications', 'pricedekhocom']"
www.pricedekho.com//1172,3.2,,"['nikon', 'd4s', 'price', 'india', 'offers', 'reviews', 'full', 'specifications', 'pricedekhocom']"
www.pricedekho.com//1087,,,"['nikon', 'd7100', 'dslr', 'vr', 'kit', '18105mm', 'black', 'price', 'india', 'offers', 'reviews', 'full', 'specifications', 'pricedekhocom']"
www.pricedekho.com//1015,,,"['samsung', 'smart', 'wb50f', 'digital', 'camera', 'white', 'price', 'india', 'offers', 'full', 'specifications', 'pricedekhocom']"
www.pricedekho.com//1203,3.3,1229760d,"['sony', 'cybershot', 'dsc', 'tx55', 'price', 'india', 'offers', 'full', 'specifications', 'pricedekhocom']"
www.pricedekho.com//1265,3,230000d,"['samsung', 'wb100', 'point', 'shoot', 'price', 'india', 'offers', 'reviews', 'full', 'specifications', 'pricedekhocom']"
www.pricedekho.com//1082,,,"['samsung', 'st200f', 'point', 'shoot', 'price', 'india', 'offers', 'full', 'specifications', 'pricedekhocom']"
www.pricedekho.com//1031,,,"['canon', 'powershot', 'sx130', 'price', 'india', 'offers', 'reviews', 'full', 'specifications', 'pricedekhocom']"
www.pricedekho.com//964,,,"['canon', 'powershot', 'a2300', 'point', 'shoot', 'digital', 'camera', 'black', 'price', 'india', 'offers', 'reviews', 'full', 'specifications', 'pricedekhocom']"
www.pricedekho.com//976,,,"['sony', 'dsc', 'w310', '12', '1', 'mp', 'price', 'india', 'offers', 'full', 'specifications', 'pricedekhocom']"
www.pricedekho.com//1060,,,"['sony', 'a850l', 'slr', 'price', 'india', 'offers', 'full', 'specifications', 'pricedekhocom']"
www.pricedekho.com//771,3,1040000d,"['canon', 'eos', '70d', 'dslr', 'body', 'black', 'price', 'india', 'offers', 'reviews', 'full', 'specifications', 'pricedekhocom']"
www.pricedekho.com//1224,3.5,819000d,"['nikon', 'coolpix', 's80', 'price', 'india', 'offers', 'reviews', 'full', 'specifications', 'pricedekhocom']"
www.pricedekho.com//1040,,,"['samsung', 'st90', 'point', 'shoot', 'digital', 'camera', 'black', 'price', 'india', 'offers', 'reviews', 'full', 'specifications', 'pricedekhocom']"
www.pricedekho.com//1002,,,"['nikon', 'coolpix', 's9300', 'point', 'shoot', 'digital', 'camera', 'black', 'price', 'india', 'offers', 'reviews', 'full', 'specifications', 'pricedekhocom']"
www.pricedekho.com//996,,,"['nikon', 'coolpix', 'l29', 'price', 'india', 'offers', 'reviews', 'full', 'specifications', 'pricedekhocom']"
www.pricedekho.com//1151,3,460000d,"['nikon', 'coolpix', 's4300', 'point', 'shoot', 'digital', 'camera', 'black', 'price', 'india', 'offers', 'reviews', 'full', 'specifications', 'pricedekhocom']"
www.pricedekho.com//1214,3.2,920000d,"['canon', 'eos', '1d', 'x', 'dslr', 'black', 'price', 'india', 'offers', 'reviews', 'full', 'specifications', 'pricedekhocom']"
www.pricedekho.com//1261,2.7,230000d,"['fujifilm', 'finepix', 'ax300', 'point', 'shoot', 'digital', 'camera', 'black', 'price', 'india', 'offers', 'full', 'specifications', 'pricedekhocom']"
www.pricedekho.com//1273,3,,"['sony', 'cybershot', 'dsc', 'hx60v', 'price', 'india', 'offers', 'reviews', 'full', 'specifications', 'pricedekhocom']"
www.pricedekho.com//1038,,,"['canon', 'powershot', 'sx170', 'point', 'shoot', 'digital', 'camera', 'black', 'price', 'india', 'offers', 'reviews', 'full', 'specifications', 'pricedekhocom']"
www.pricedekho.com//1091,,,"['sony', 'cybershot', 'dschx400v', 'point', 'shoot', 'camera', 'price', 'india', 'offers', 'reviews', 'full', 'specifications', 'pricedekhocom']"
www.pricedekho.com//1247,2.7,230000d,"['nikon', 'coolpix', 's3500', 'point', 'shoot', 'digital', 'camera', 'black', 'price', 'india', 'offers', 'full', 'specifications', 'pricedekhocom']"
www.pricedekho.com//1103,3,460000d,"['samsung', 'dv300f', 'point', 'shoot', 'digital', 'camera', 'black', 'price', 'india', 'offers', 'full', 'specifications', 'pricedekhocom']"
www.pricedekho.com//1264,3,460000d,"['olympus', 'sz14', 'point', 'shoot', 'digital', 'camera', 'black', 'price', 'india', 'offers', 'reviews', 'full', 'specifications', 'pricedekhocom']"
www.pricedekho.com//1057,,,"['nikon', 'coolpix', 's8100', 'point', 'shoot', 'digital', 'camera', 'black', 'price', 'india', 'offers', 'reviews', 'full', 'specifications', 'pricedekhocom']"
www.pricedekho.com//753,2.7,,"['casio', 'exilim', 'ex', 'zs100', 'price', 'india', 'offers', 'full', 'specifications', 'pricedekhocom']"
www.pricedekho.com//820,3,610000d,"['olympus', 'omd', 'em5', 'mirrorless', 'silver', 'price', 'india', 'offers', 'full', 'specifications', 'pricedekhocom']"
www.pricedekho.com//1212,3,460000d,"['panasonic', 'lumix', 'dmcfz60', 'point', 'shoot', 'price', 'india', 'offers', 'reviews', 'full', 'specifications', 'pricedekhocom']"
www.pricedekho.com//1235,2.7,,"['nikon', 'coolpix', 's6300', 'point', 'shoot', 'digital', 'camera', 'blue', 'price', 'india', 'offers', 'full', 'specifications', 'pricedekhocom']"
www.pricedekho.com//1176,3,230000d,"['nikon', 'coolpix', 'l310', 'price', 'india', 'offers', 'reviews', 'full', 'specifications', 'pricedekhocom']"
www.pricedekho.com//1274,3,460000d,"['fujifilm', 'finepix', 'xf1', 'point', 'shoot', 'digital', 'camera', 'black', 'price', 'india', 'offers', 'reviews', 'full', 'specifications', 'pricedekhocom']"
www.pricedekho.com//764,3,920000d,"['olympus', 'tg', '810', 'price', 'india', 'offers', 'reviews', 'full', 'specifications', 'pricedekhocom']"
www.pricedekho.com//1183,3,460000d,"['fujifilm', 'finepix', 'f660exr', 'point', 'shoot', 'digital', 'camera', 'black', 'price', 'india', 'offers', 'full', 'specifications', 'pricedekhocom']"
www.pricedekho.com//1008,,,"['canon', 'eos', '6d', 'body', 'black', 'price', 'india', 'offers', 'reviews', 'full', 'specifications', 'pricedekhocom']"
www.pricedekho.com//1143,2.8,460000d,"['fujifilm', 'finepix', 'x100s', 'point', 'shoot', 'digital', 'camera', 'black', 'price', 'india', 'offers', 'reviews', 'full', 'specifications', 'pricedekhocom']"
www.pricedekho.com//1208,3,460800d,"['sony', 'cybershot', 'dscwx150', 'point', 'shoot', 'price', 'india', 'offers', 'reviews', 'full', 'specifications', 'pricedekhocom']"
www.pricedekho.com//1084,,,"['olympus', 'xz1', 'point', 'shoot', 'digital', 'camera', 'black', 'price', 'india', 'offers', 'reviews', 'full', 'specifications', 'pricedekhocom']"
www.pricedekho.com//734,2.7,230000d,"['canon', 'powershot', 'a3200', 'point', 'shoot', 'digital', 'camera', 'silver', 'price', 'india', 'offers', 'reviews', 'full', 'specifications', 'pricedekhocom']"
www.pricedekho.com//1153,2.7,230000d,"['samsung', 'es95', 'point', 'shoot', 'digital', 'camera', 'black', 'price', 'india', 'offers', 'full', 'specifications', 'pricedekhocom']"
www.pricedekho.com//1019,,,"['samsung', 'es80', 'price', 'india', 'offers', 'full', 'specifications', 'pricedekhocom']"
www.pricedekho.com//1071,,,"['samsung', 'nx1000', 'mirrorless', 'kit', '2050mm', 'white', 'price', 'india', 'offers', 'reviews', 'full', 'specifications', 'pricedekhocom']"
www.pricedekho.com//1058,,,"['canon', 'eos', '1000d', 'dslr', 'kit', 'efs1855mm', 'black', 'price', 'india', 'offers', 'reviews', 'full', 'specifications', 'pricedekhocom']"
www.pricedekho.com//1166,2.7,460800d,"['sony', 'cybershot', 'dscwx220', 'point', 'shoot', 'price', 'india', 'offers', 'full', 'specifications', 'pricedekhocom']"
www.pricedekho.com//1101,3,921000d,"['nikon', 'd5200', 'dslr', 'body', 'black', 'price', 'india', 'offers', 'reviews', 'full', 'specifications', 'pricedekhocom']"
www.pricedekho.com//1115,2.7,230000d,"['nikon', 'coolpix', 's2600', 'point', 'shoot', 'digital', 'camera', 'black', 'price', 'india', 'offers', 'reviews', 'full', 'specifications', 'pricedekhocom']"
www.pricedekho.com//763,,,"['panasonic', 'lumix', 'dmcls6', 'point', 'shoot', 'digital', 'camera', 'black', 'price', 'india', 'offers', 'reviews', 'full', 'specifications', 'pricedekhocom']"
www.pricedekho.com//1056,,,"['nikon', 'coolpix', 's800c', 'point', 'shoot', 'digital', 'camera', 'black', 'price', 'india', 'offers', 'reviews', 'full', 'specifications', 'pricedekhocom']"
www.pricedekho.com//1255,3,921000d,"['nikon', 'coolpix', 'p7800', 'point', 'shoot', 'price', 'india', 'offers', 'reviews', 'full', 'specifications', 'pricedekhocom']"
www.pricedekho.com//1175,2.7,230000d,"['olympus', 'vg110', 'point', 'shoot', 'price', 'india', 'offers', 'reviews', 'full', 'specifications', 'pricedekhocom']"
www.pricedekho.com//1021,,,"['nikon', 'coolpix', 's9200', 'point', 'shoot', 'digital', 'camera', 'black', 'price', 'india', 'offers', 'reviews', 'full', 'specifications', 'pricedekhocom']"
www.pricedekho.com//1127,3,,"['samsung', 'sh100', 'price', 'india', 'offers', 'full', 'specifications', 'pricedekhocom']"
www.pricedekho.com//1053,,,"['canon', 'eos', '7d', 'dslr', '1585mm', 'black', 'price', 'india', 'offers', 'reviews', 'full', 'specifications', 'pricedekhocom']"
www.pricedekho.com//1182,2.7,230000d,"['fujifilm', 'finepix', 'ax550', 'point', 'shoot', 'digital', 'camera', 'black', 'price', 'india', 'offers', 'full', 'specifications', 'pricedekhocom']"
www.pricedekho.com//1050,,,"['canon', 'powershot', 'sx150', 'point', 'shoot', 'digital', 'camera', 'black', 'price', 'india', 'offers', 'reviews', 'full', 'specifications', 'pricedekhocom']"
www.pricedekho.com//1243,3,,"['nikon', 'coolpix', 's9200', 'point', 'shoot', 'digital', 'camera', 'brown', 'price', 'india', 'offers', 'full', 'specifications', 'pricedekhocom']"
www.pricedekho.com//742,3,1040000d,"['canon', 'eos', '100d', 'dslr', 'kit', 'efs1855mm', 'black', 'price', 'india', 'offers', 'reviews', 'full', 'specifications', 'pricedekhocom']"
www.pricedekho.com//1190,3,,"['fujifilm', 'finepix', 's8500', 'price', 'india', 'offers', 'full', 'specifications', 'pricedekhocom']"
www.pricedekho.com//1177,2.7,,"['nikon', 'coolpix', 's3300', 'point', 'shoot', 'digital', 'camera', 'purple', 'price', 'india', 'offers', 'full', 'specifications', 'pricedekhocom']"
www.pricedekho.com//1142,3,460000d,"['olympus', 'sz10', 'point', 'shoot', 'price', 'india', 'offers', 'full', 'specifications', 'pricedekhocom']"
www.pricedekho.com//1099,3,230000d,"['sony', 'cybershot', 'dsc', 'h70', 'point', 'shoot', 'price', 'india', 'offers', 'reviews', 'full', 'specifications', 'pricedekhocom']"
www.pricedekho.com//1267,3.2,461000d,"['canon', 'ixus', '1100', 'hs', 'price', 'india', 'offers', 'reviews', 'full', 'specifications', 'pricedekhocom']"
www.pricedekho.com//1042,,,"['fujifilm', 'finepix', 'hs28exr', 'point', 'shoot', 'digital', 'camera', 'black', 'price', 'india', 'offers', 'full', 'specifications', 'pricedekhocom']"
www.pricedekho.com//1128,3,,"['samsung', 'ex1', 'price', 'india', 'offers', 'full', 'specifications', 'pricedekhocom']"
www.pricedekho.com//1012,,,"['fujifilm', 'finepix', 'f550exr', 'price', 'india', 'offers', 'full', 'specifications', 'pricedekhocom']"
www.pricedekho.com//1250,2.7,230000d,"['samsung', 'pl120', 'point', 'shoot', 'digital', 'camera', 'black', 'price', 'india', 'offers', 'reviews', 'full', 'specifications', 'pricedekhocom']"
www.pricedekho.com//1116,,,"['casio', 'exilim', 'ex', 'zs12', 'price', 'india', 'offers', 'full', 'specifications', 'pricedekhocom']"
www.pricedekho.com//1209,3,,"['sony', 'cybershot', 'rx10', 'price', 'india', 'offers', 'full', 'specifications', 'pricedekhocom']"
www.pricedekho.com//975,,,"['samsung', 'wb', 'wb350f', 'point', 'shoot', 'camera', 'price', 'india', 'offers', 'reviews', 'full', 'specifications', 'pricedekhocom']"
www.pricedekho.com//744,3,,"['panasonic', 'lumix', 'g', 'dmcg3w', 'price', 'india', 'offers', 'full', 'specifications', 'pricedekhocom']"
www.pricedekho.com//980,,,"['samsung', 'st30', 'point', 'shoot', 'digital', 'camera', 'black', 'price', 'india', 'offers', 'reviews', 'full', 'specifications', 'pricedekhocom']"
www.pricedekho.com//1262,2.7,,"['samsung', 'st70', 'price', 'india', 'offers', 'full', 'specifications', 'pricedekhocom']"
www.pricedekho.com//1133,2.7,230000d,"['nikon', 'coolpix', 's3100', 'price', 'india', 'offers', 'reviews', 'full', 'specifications', 'pricedekhocom']"
www.pricedekho.com//1037,,,"['nikon', 'coolpix', 's8200', 'point', 'shoot', 'digital', 'camera', 'black', 'price', 'india', 'offers', 'reviews', 'full', 'specifications', 'pricedekhocom']"
www.pricedekho.com//1079,,,"['sony', 'cybershot', 'dscwx50', 'point', 'shoot', 'digital', 'camera', 'black', 'price', 'india', 'offers', 'reviews', 'full', 'specifications', 'pricedekhocom']"
www.pricedekho.com//768,,,"['nikon', 'coolpix', 'l620', 'price', 'india', 'offers', 'reviews', 'full', 'specifications', 'pricedekhocom']"
www.pricedekho.com//758,3,921600d,"['sony', 'alpha', 'slt', 'a57k', 'dslr', 'kit', '1855mm', 'black', 'price', 'india', 'offers', 'reviews', 'full', 'specifications', 'pricedekhocom']"
www.pricedekho.com//1026,,,"['nikon', 'd300s', 'slr', 'body', 'price', 'india', 'offers', 'reviews', 'full', 'specifications', 'pricedekhocom']"
www.pricedekho.com//974,,,"['sony', 'slt', 'a77v', 'slr', 'body', 'price', 'india', 'offers', 'full', 'specifications', 'pricedekhocom']"
www.pricedekho.com//999,,,"['olympus', 'vg150', 'point', 'shoot', 'digital', 'camera', 'black', 'price', 'india', 'offers', 'reviews', 'full', 'specifications', 'pricedekhocom']"
www.pricedekho.com//1147,3,,"['ricoh', 'pentax', 'wg', 'iii', 'orange', 'price', 'india', 'offers', 'reviews', 'full', 'specifications', 'pricedekhocom']"
www.pricedekho.com//1046,,,"['nikon', 'coolpix', 'p340', 'price', 'india', 'offers', 'reviews', 'full', 'specifications', 'pricedekhocom']"
www.pricedekho.com//1156,3,921600d,"['sony', 'cybershot', 'dsc', 'hx200v', 'price', 'india', 'offers', 'reviews', 'full', 'specifications', 'pricedekhocom']"
www.pricedekho.com//1013,,,"['canon', 'powershot', 'a3100', 'point', 'shoot', 'digital', 'camera', 'silver', 'price', 'india', 'offers', 'reviews', 'full', 'specifications', 'pricedekhocom']"
www.pricedekho.com//1155,3,460000d,"['olympus', 'epm', '1', 'slr', 'lens', '1442mm', '40', '150mm', 'price', 'india', 'offers', 'full', 'specifications', 'pricedekhocom']"
www.pricedekho.com//1259,3.5,1150000d,"['fujifilm', 'finepix', 'real', '3d', 'w3', 'price', 'india', 'offers', 'full', 'specifications', 'pricedekhocom']"
www.pricedekho.com//732,2.7,230000d,"['canon', 'ixus', '135', 'advance', 'point', 'shoot', 'digital', 'camera', 'black', 'price', 'india', 'offers', 'reviews', 'full', 'specifications', 'pricedekhocom']"
www.pricedekho.com//1088,,,"['fujifilm', 'finepix', 'sl300', 'point', 'shoot', 'digital', 'camera', 'black', 'price', 'india', 'offers', 'reviews', 'full', 'specifications', 'pricedekhocom']"
www.pricedekho.com//762,2.7,230000d,"['fujifilm', 'finepix', 'jz100', 'point', 'shoot', 'digital', 'camera', 'black', 'price', 'india', 'offers', 'reviews', 'full', 'specifications', 'pricedekhocom']"
www.pricedekho.com//1020,,,"['canon', 'ixus', '240', 'hs', 'point', 'shoot', 'digital', 'camera', 'black', 'price', 'india', 'offers', 'reviews', 'full', 'specifications', 'pricedekhocom']"
www.pricedekho.com//765,,,"['fujifilm', 'finepix', 'jz300', 'point', 'shoot', 'price', 'india', 'offers', 'full', 'specifications', 'pricedekhocom']"
www.pricedekho.com//1162,3,921000d,"['nikon', 'coolpix', 'dslr', 'silver', 'price', 'india', 'offers', 'full', 'specifications', 'pricedekhocom']"
www.pricedekho.com//1148,3,921000d,"['nikon', '1', 'v1', 'mirrorless', 'kit', '1030', 'mm', 'white', 'price', 'india', 'offers', 'full', 'specifications', 'pricedekhocom']"
www.pricedekho.com//1113,3,460000d,"['benq', 'gh600', 'price', 'india', 'offers', 'full', 'specifications', 'pricedekhocom']"
www.pricedekho.com//1276,3,230000d,"['nikon', 'coolpix', 'l320', 'point', 'shoot', 'price', 'india', 'offers', 'reviews', 'full', 'specifications', 'pricedekhocom']"
www.pricedekho.com//1271,3,460000d,"['panasonic', 'lumix', 'dmcfz200', 'point', 'shoot', 'price', 'india', 'offers', 'reviews', 'full', 'specifications', 'pricedekhocom']"
www.pricedekho.com//1179,3,460000d,"['olympus', 'stylus', 'vh520', 'point', 'shoot', 'digital', 'camera', 'black', 'price', 'india', 'offers', 'full', 'specifications', 'pricedekhocom']"
www.pricedekho.com//1102,2.7,230400d,"['sony', 'alpha', 'slta37k', 'dslr', 'price', 'india', 'offers', 'full', 'specifications', 'pricedekhocom']"
www.pricedekho.com//1197,3.2,921000d,"['nikon', 'd800e', 'slr', 'body', 'price', 'india', 'offers', 'reviews', 'full', 'specifications', 'pricedekhocom']"
www.pricedekho.com//1202,3,230000d,"['panasonic', 'lumix', 'dmcfp5', 'point', 'shoot', 'digital', 'camera', 'black', 'price', 'india', 'offers', 'full', 'specifications', 'pricedekhocom']"
www.pricedekho.com//1189,3,460800d,"['sony', 'cybershot', 'dsch300', 'price', 'india', 'offers', 'reviews', 'full', 'specifications', 'pricedekhocom']"
www.pricedekho.com//1269,4.7,,"['samsung', 'galaxy', 'gc100', 'point', 'shoot', 'price', 'india', 'offers', 'reviews', 'full', 'specifications', 'pricedekhocom']"
www.pricedekho.com//1054,,,"['nikon', 'd4', 'slr', 'body', 'price', 'india', 'offers', 'reviews', 'full', 'specifications', 'pricedekhocom']"
www.pricedekho.com//1164,2.7,230400d,"['sony', 'cybershot', 'dscw620', 'point', 'shoot', 'digital', 'camera', 'black', 'price', 'india', 'offers', 'full', 'specifications', 'pricedekhocom']"
www.pricedekho.com//1064,,,"['nikon', 'coolpix', 's4400', 'point', 'shoot', 'digital', 'camera', 'black', 'price', 'india', 'offers', 'full', 'specifications', 'pricedekhocom']"
www.pricedekho.com//1154,2.7,,"['canon', 'powershot', 'a3200', 'point', 'shoot', 'digital', 'camera', 'orange', 'price', 'india', 'offers', 'reviews', 'full', 'specifications', 'pricedekhocom']"
www.pricedekho.com//1205,2.7,230000d,"['nikon', 'coolpix', 's3600', 'point', 'shoot', 'price', 'india', 'offers', 'reviews', 'full', 'specifications', 'pricedekhocom']"
www.pricedekho.com//960,2.7,230400d,"['nikon', 'coolpix', 'l27', 'point', 'shoot', 'digital', 'camera', 'black', 'price', 'india', 'offers', 'reviews', 'full', 'specifications', 'pricedekhocom']"
www.pricedekho.com//1055,,,"['canon', 'ixus', 'digital', 'camera', 'price', 'india', 'offers', 'full', 'specifications', 'pricedekhocom']"
www.pricedekho.com//1257,2.7,230000d,"['samsung', 'es75', 'price', 'india', 'offers', 'full', 'specifications', 'pricedekhocom']"
www.pricedekho.com//1035,,,"['sony', 'cybershot', 'dscw350', 'point', 'shoot', 'digital', 'camera', 'pink', 'price', 'india', 'offers', 'reviews', 'full', 'specifications', 'pricedekhocom']"
www.pricedekho.com//740,,,"['sony', 'cybershot', 'dsc', 'w520', 'price', 'india', 'offers', 'full', 'specifications', 'pricedekhocom']"
www.pricedekho.com//1036,,,"['nikon', 'd200', 'dx', 'dslr', 'price', 'india', 'offers', 'full', 'specifications', 'pricedekhocom']"
www.pricedekho.com//1109,3,460800d,"['samsung', 'wb350f', 'point', 'shoot', 'camera', 'white', 'price', 'india', 'offers', 'full', 'specifications', 'pricedekhocom']"
www.pricedekho.com//738,3.2,,"['nikon', 'd810', 'dslr', 'body', 'price', 'india', 'offers', 'reviews', 'full', 'specifications', 'pricedekhocom']"
www.pricedekho.com//1117,2.7,230400d,"['nikon', 'coolpix', 's31', 'point', 'shoot', 'digital', 'camera', 'black', 'price', 'india', 'offers', 'reviews', 'full', 'specifications', 'pricedekhocom']"
www.pricedekho.com//1218,3,461000d,"['canon', 'powershot', 's110', 'point', 'shoot', 'digital', 'camera', 'black', 'price', 'india', 'offers', 'reviews', 'full', 'specifications', 'pricedekhocom']"
www.pricedekho.com//1125,3,1040000d,"['canon', 'eos', '600d', 'dslr', 'body', 'black', 'price', 'india', 'offers', 'reviews', 'full', 'specifications', 'pricedekhocom']"
www.pricedekho.com//747,2.4,112000d,"['samsung', 'st30', 'point', 'shoot', 'digital', 'camera', 'silver', 'price', 'india', 'offers', 'full', 'specifications', 'pricedekhocom']"
www.pricedekho.com//1096,2.7,230400d,"['sony', 'cybershot', 'dscw730', 'point', 'shoot', 'digital', 'camera', 'black', 'price', 'india', 'offers', 'reviews', 'full', 'specifications', 'pricedekhocom']"
www.pricedekho.com//1200,3,230000d,"['nikon', 'coolpix', 'l24', 'point', 'shoot', 'digital', 'camera', 'black', 'price', 'india', 'offers', 'reviews', 'full', 'specifications', 'pricedekhocom']"
www.pricedekho.com//1252,2.7,230000d,"['panasonic', 'lumix', 'dmc', 'ft3', 'price', 'india', 'offers', 'full', 'specifications', 'pricedekhocom']"
www.pricedekho.com//1149,2.7,,"['benq', 'lm100', 'price', 'india', 'offers', 'full', 'specifications', 'pricedekhocom']"
www.pricedekho.com//1233,3.2,1036800d,"['nikon', 'd5300', 'dslr', 'body', 'black', 'price', 'india', 'offers', 'full', 'specifications', 'pricedekhocom']"
www.pricedekho.com//966,,,"['sony', 'slt', 'a99v', 'dslr', 'body', 'price', 'india', 'offers', 'full', 'specifications', 'pricedekhocom']"
www.pricedekho.com//1137,3,920000d,"['olympus', 'sz31mr', 'point', 'shoot', 'digital', 'camera', 'black', 'price', 'india', 'offers', 'reviews', 'full', 'specifications', 'pricedekhocom']"
www.pricedekho.com//1144,2.7,230000d,"['nikon', 'coolpix', 's6200', 'point', 'shoot', 'digital', 'camera', 'red', 'price', 'india', 'offers', 'reviews', 'full', 'specifications', 'pricedekhocom']"
www.pricedekho.com//1059,,,"['canon', 'ixus', '125', 'hs', 'point', 'shoot', 'digital', 'camera', 'black', 'price', 'india', 'offers', 'reviews', 'full', 'specifications', 'pricedekhocom']"
www.pricedekho.com//988,,,"['sony', 'cybershot', 'qx10', 'price', 'india', 'offers', 'full', 'specifications', 'pricedekhocom']"
www.pricedekho.com//1201,2.8,,"['fujifilm', 'finepix', 'x20', 'mirrorless', 'price', 'india', 'offers', 'reviews', 'full', 'specifications', 'pricedekhocom']"
www.pricedekho.com//1018,,,"['canon', 'powershot', 'a3500', 'point', 'shoot', 'digital', 'camera', 'black', 'price', 'india', 'offers', 'full', 'specifications', 'pricedekhocom']"
www.pricedekho.com//1167,2.7,230000d,"['nikon', 'coolpix', 's02', 'sliver', 'price', 'india', 'offers', 'reviews', 'full', 'specifications', 'pricedekhocom']"
www.pricedekho.com//1132,3,460800d,"['samsung', 'wb350f', 'point', 'shoot', 'camera', 'blue', 'price', 'india', 'offers', 'full', 'specifications', 'pricedekhocom']"
www.pricedekho.com//1268,3,461000d,"['canon', 'ixus', '265', 'hs', 'price', 'india', 'offers', 'reviews', 'full', 'specifications', 'pricedekhocom']"
www.pricedekho.com//1093,3,230000d,"['nikon', 'coolpix', 'l30', 'price', 'india', 'offers', 'reviews', 'full', 'specifications', 'pricedekhocom']"
www.pricedekho.com//749,,,"['olympus', 'stylus', 'sh50', 'point', 'shoot', 'price', 'india', 'offers', 'full', 'specifications', 'pricedekhocom']"
www.pricedekho.com//1152,3,461000d,"['canon', 'powershot', 'sx510', 'hs', 'point', 'shoot', 'price', 'india', 'offers', 'reviews', 'full', 'specifications', 'pricedekhocom']"
www.pricedekho.com//1068,,,"['sony', 'slt', 'a58y', 'price', 'india', 'offers', 'full', 'specifications', 'pricedekhocom']"
www.pricedekho.com//1251,3,,"['samsung', 'smart', 'wb50f', 'digital', 'camera', 'price', 'india', 'offers', 'reviews', 'full', 'specifications', 'pricedekhocom']"
www.pricedekho.com//1229,3,,"['ricoh', 'gr', 'price', 'india', 'offers', 'reviews', 'full', 'specifications', 'pricedekhocom']"
www.pricedekho.com//1081,,,"['canon', 'elph', '150', 'blue', 'price', 'india', 'offers', 'reviews', 'full', 'specifications', 'pricedekhocom']"
www.pricedekho.com//1245,3,230000d,"['fujifilm', 'finepix', 's4200', 'point', 'shoot', 'digital', 'camera', 'black', 'price', 'india', 'offers', 'full', 'specifications', 'pricedekhocom']"
www.pricedekho.com//984,,,"['fujifilm', 'finepix', 'sl1000', 'point', 'shoot', 'price', 'india', 'offers', 'full', 'specifications', 'pricedekhocom']"
www.pricedekho.com//1131,3,,"['fujifilm', 'finepix', 'hs20', 'price', 'india', 'offers', 'full', 'specifications', 'pricedekhocom']"
www.pricedekho.com//1230,3,921000d,"['nikon', 'd7000', 'dslr', 'body', 'black', 'price', 'india', 'offers', 'reviews', 'full', 'specifications', 'pricedekhocom']"
www.pricedekho.com//1270,3,,"['nikon', 'mirrorless', 'camera', 'price', 'india', 'offers', 'full', 'specifications', 'pricedekhocom']"
www.pricedekho.com//1186,3,460000d,"['panasonic', 'lumix', 'dmcsz7', 'point', 'shoot', 'digital', 'camera', 'black', 'price', 'india', 'offers', 'full', 'specifications', 'pricedekhocom']"
www.pricedekho.com//736,3,461000d,"['canon', 'powershot', 'sx240', 'hs', 'point', 'shoot', 'digital', 'camera', 'black', 'price', 'india', 'offers', 'reviews', 'full', 'specifications', 'pricedekhocom']"
www.pricedekho.com//1223,2.3,,"['sony', 'cyber', 'shot', 'wx350', 'price', 'india', 'offers', 'reviews', 'full', 'specifications', 'pricedekhocom']"
www.pricedekho.com//1185,3,,"['sony', 'h400', 'price', 'india', 'offers', 'reviews', 'full', 'specifications', 'pricedekhocom']"
www.pricedekho.com//1180,2.7,230000d,"['nikon', 'coolpix', 's2800', 'point', 'shoot', 'price', 'india', 'offers', 'reviews', 'full', 'specifications', 'pricedekhocom']"
www.pricedekho.com//1023,,,"['fujifilm', 'instax', '210', 'price', 'india', 'offers', 'full', 'specifications', 'pricedekhocom']"
www.pricedekho.com//968,,,"['samsung', 'nx', 'mini', 'smart', 'camera', '927', 'mm', 'lens', 'white', 'price', 'india', 'offers', 'full', 'specifications', 'pricedekhocom']"
www.pricedekho.com//1184,3,1040000d,"['canon', 'eos', '550d', 'dslr', 'kit', 'efs1855mm', 'black', 'price', 'india', 'offers', 'reviews', 'full', 'specifications', 'pricedekhocom']"
www.pricedekho.com//1275,3,921000d,"['nikon', 'p7100', 'price', 'india', 'offers', 'reviews', 'full', 'specifications', 'pricedekhocom']"
www.pricedekho.com//1157,2.4,110000d,"['fujifilm', 'finepix', 'l30', 'point', 'shoot', 'digital', 'camera', 'black', 'price', 'india', 'offers', 'full', 'specifications', 'pricedekhocom']"
www.pricedekho.com//1003,,,"['kodak', 'slice', 'touchscreen', 'camera', 'price', 'india', 'offers', 'full', 'specifications', 'pricedekhocom']"
www.pricedekho.com//1005,,,"['nikon', 'coolpix', 'l820', 'point', 'shoot', 'digital', 'camera', 'plum', 'price', 'india', 'offers', 'full', 'specifications', 'pricedekhocom']"
www.pricedekho.com//963,,,"['sony', 'a7r', 'price', 'india', 'offers', 'full', 'specifications', 'pricedekhocom']"
www.pricedekho.com//1199,3,460000d,"['nikon', 'coolpix', 's5200', 'point', 'shoot', 'digital', 'camera', 'black', 'price', 'india', 'offers', 'reviews', 'full', 'specifications', 'pricedekhocom']"
www.pricedekho.com//1150,2.7,230000d,"['nikon', 'coolpix', 'l23', 'point', 'shoot', 'digital', 'camera', 'black', 'price', 'india', 'offers', 'reviews', 'full', 'specifications', 'pricedekhocom']"
www.pricedekho.com//962,,,"['nikon', 'coolpix', 's1100pj', 'point', 'shoot', 'digital', 'camera', 'black', 'price', 'india', 'offers', 'reviews', 'full', 'specifications', 'pricedekhocom']"
www.pricedekho.com//1272,3,230000d,"['samsung', 'smart', 'wb30f', 'point', 'shoot', 'digital', 'camera', 'black', 'price', 'india', 'offers', 'full', 'specifications', 'pricedekhocom']"
www.pricedekho.com//1072,,,"['panasonic', 'lumix', 'dmcls5', 'point', 'shoot', 'digital', 'camera', 'black', 'price', 'india', 'offers', 'full', 'specifications', 'pricedekhocom']"
www.pricedekho.com//1181,3,921000d,"['nikon', 'coolpix', 's9100', 'point', 'shoot', 'digital', 'camera', 'black', 'price', 'india', 'offers', 'reviews', 'full', 'specifications', 'pricedekhocom']"
www.pricedekho.com//755,,,"['nikon', 'coolpix', 's2500', 'point', 'shoot', 'digital', 'camera', 'black', 'price', 'india', 'offers', 'reviews', 'full', 'specifications', 'pricedekhocom']"
www.pricedekho.com//989,,,"['canon', 'ixus', '510', 'hs', 'point', 'shoot', 'digital', 'camera', 'black', 'price', 'india', 'offers', 'reviews', 'full', 'specifications', 'pricedekhocom']"
www.pricedekho.com//748,3,,"['nikon', 'coolpix', 's4300', 'point', 'shoot', 'digital', 'camera', 'silver', 'price', 'india', 'offers', 'full', 'specifications', 'pricedekhocom']"
www.pricedekho.com//1242,3,921000d,"['nikon', 'd7000', 'slr', 'kit', 'afs', '18105mm', 'vr', 'price', 'india', 'offers', 'full', 'specifications', 'pricedekhocom']"
www.pricedekho.com//1110,2.7,,"['nikon', 'coolpix', 's6300', 'point', 'shoot', 'digital', 'camera', 'gold', 'price', 'india', 'offers', 'full', 'specifications', 'pricedekhocom']"
www.pricedekho.com//739,,,"['nikon', 'coolpix', 's2700', 'point', 'shoot', 'digital', 'camera', 'black', 'price', 'india', 'offers', 'full', 'specifications', 'pricedekhocom']"
www.pricedekho.com//1161,2.7,230000d,"['panasonic', 'lumix', 'dmcfh1', 'point', 'shoot', 'digital', 'camera', 'black', 'price', 'india', 'offers', 'full', 'specifications', 'pricedekhocom']"
www.pricedekho.com//1231,3,921000d,"['nikon', 'coolpix', 'p7700', 'point', 'shoot', 'price', 'india', 'offers', 'reviews', 'full', 'specifications', 'pricedekhocom']"
www.pricedekho.com//1228,2.8,,"['canon', 'powershot', 'g11', 'price', 'india', 'offers', 'reviews', 'full', 'specifications', 'pricedekhocom']"
www.pricedekho.com//1075,,,"['nikon', 'coolpix', 's9500', 'point', 'shoot', 'digital', 'camera', 'black', 'price', 'india', 'offers', 'full', 'specifications', 'pricedekhocom']"
www.pricedekho.com//1111,,,"['sony', 'cybershot', 'dsc', 'w530', 'price', 'india', 'offers', 'reviews', 'full', 'specifications', 'pricedekhocom']"
www.pricedekho.com//1049,,,"['sony', 'cybershot', 'dsc', 's2000', 'price', 'india', 'offers', 'full', 'specifications', 'pricedekhocom']"
www.pricedekho.com//1080,,,"['canon', 'eos', '700d', 'dslr', 'kit', 'efs1855mm', 'stm', 'black', 'price', 'india', 'offers', 'reviews', 'full', 'specifications', 'pricedekhocom']"
www.pricedekho.com//1246,3,,"['panasonic', 'lumix', 'dmcsz1', 'point', 'shoot', 'blue', 'price', 'india', 'offers', 'full', 'specifications', 'pricedekhocom']"
www.pricedekho.com//1118,3,920000d,"['fujifilm', 'finepix', 'hs50exr', 'point', 'shoot', 'digital', 'camera', 'black', 'price', 'india', 'offers', 'full', 'specifications', 'pricedekhocom']"
www.pricedekho.com//1241,2.7,230000d,"['panasonic', 'lumix', 'dmcfh5', 'point', 'shoot', 'digital', 'camera', 'black', 'price', 'india', 'offers', 'full', 'specifications', 'pricedekhocom']"
www.pricedekho.com//724,3,230000d,"['canon', 'powershot', 'a3400', 'point', 'shoot', 'gold', 'price', 'india', 'offers', 'reviews', 'full', 'specifications', 'pricedekhocom']"
www.pricedekho.com//1076,,,"['canon', 'ixus', '500', 'hs', 'point', 'shoot', 'digital', 'camera', 'silver', 'price', 'india', 'offers', 'full', 'specifications', 'pricedekhocom']"
www.pricedekho.com//961,,,"['fujifilm', 'finepix', 'x10', 'point', 'shoot', 'price', 'india', 'offers', 'full', 'specifications', 'pricedekhocom']"
www.pricedekho.com//1141,3,921000d,"['sony', 'cybershot', 'dsc', 'hx9v', 'price', 'india', 'offers', 'reviews', 'full', 'specifications', 'pricedekhocom']"
www.pricedekho.com//1062,,,"['canon', 'eos', '650d', 'dslr', 'body', 'black', 'price', 'india', 'offers', 'reviews', 'full', 'specifications', 'pricedekhocom']"
www.pricedekho.com//979,,,"['olympus', 'stylus', 'vg180', 'point', 'shoot', 'digital', 'camera', 'black', 'price', 'india', 'offers', 'full', 'specifications', 'pricedekhocom']"
www.pricedekho.com//1244,2.8,,"['canon', 'powershot', 'n', 'white', 'price', 'india', 'offers', 'reviews', 'full', 'specifications', 'pricedekhocom']"
www.pricedekho.com//760,,,"['canon', 'eos', '5d', 'slr', 'mark', 'ii', 'kit', 'efs24105mm', 'black', 'price', 'india', 'offers', 'reviews', 'full', 'specifications', 'pricedekhocom']"
www.pricedekho.com//731,2.9,460000d,"['fujifilm', 'finepix', 's4500', 'point', 'shoot', 'price', 'india', 'offers', 'reviews', 'full', 'specifications', 'pricedekhocom']"
www.pricedekho.com//969,,,"['panasonic', 'lumix', 'dmclz20', 'point', 'shoot', 'price', 'india', 'offers', 'reviews', 'full', 'specifications', 'pricedekhocom']"
www.pricedekho.com//1024,,,"['benq', 'c1035', 'price', 'india', 'offers', 'full', 'specifications', 'pricedekhocom']"
www.pricedekho.com//1136,3,921600d,"['sony', 'alpha', 'ilce6000l', 'dslr', 'price', 'india', 'offers', 'reviews', 'full', 'specifications', 'pricedekhocom']"
www.pricedekho.com//973,,,"['sigma', 'sd15', 'slr', 'price', 'india', 'offers', 'full', 'specifications', 'pricedekhocom']"
www.pricedekho.com//1104,2.7,230400d,"['casio', 'exilim', 'ex', 'zs5', 'point', 'shoot', 'price', 'india', 'offers', 'full', 'specifications', 'pricedekhocom']"
www.pricedekho.com//1248,2.7,230000d,"['sony', 'cybershot', 'dscs5000', 'point', 'shoot', 'digital', 'camera', 'black', 'price', 'india', 'offers', 'reviews', 'full', 'specifications', 'pricedekhocom']"
www.pricedekho.com//1277,3,921000d,"['nikon', 'd5200', 'dslr', 'vr', 'kit', '18105mm', 'black', 'price', 'india', 'offers', 'reviews', 'full', 'specifications', 'pricedekhocom']"
www.pricedekho.com//1089,3,460000d,"['sony', 'dsch100', 'point', 'shoot', 'price', 'india', 'offers', 'reviews', 'full', 'specifications', 'pricedekhocom']"
www.pricedekho.com//1130,3,1040000d,"['canon', 'eos', '700d', 'kit', 'ii', 'efs18135mm', 'stm', 'black', 'price', 'india', 'offers', 'reviews', 'full', 'specifications', 'pricedekhocom']"
www.pricedekho.com//1234,3,230000d,"['samsung', 'st6500', 'price', 'india', 'offers', 'reviews', 'full', 'specifications', 'pricedekhocom']"
www.pricedekho.com//754,3,460000d,"['nikon', 'coolpix', 'aw100', 'price', 'india', 'offers', 'reviews', 'full', 'specifications', 'pricedekhocom']"
www.pricedekho.com//1119,3,230000d,"['panasonic', 'lumix', 'dmcfh7', 'point', 'shoot', 'price', 'india', 'offers', 'reviews', 'full', 'specifications', 'pricedekhocom']"
www.pricedekho.com//1232,3,920000d,"['canon', 'eos', '7d', 'dslr', 'body', 'black', 'price', 'india', 'offers', 'reviews', 'full', 'specifications', 'pricedekhocom']"
www.pricedekho.com//1198,3,,"['canon', 'eos', '1200d', 'dslr', 'kit', 'efs1855mm', 'ii', 'black', 'price', 'india', 'offers', 'full', 'specifications', 'pricedekhocom']"
www.pricedekho.com//1077,,,"['panasonic', 'lumix', 'dmctz20', 'point', 'shoot', 'digital', 'camera', 'black', 'price', 'india', 'offers', 'full', 'specifications', 'pricedekhocom']"
www.pricedekho.com//977,,,"['samsung', 'pl100', 'price', 'india', 'offers', 'full', 'specifications', 'pricedekhocom']"
www.pricedekho.com//767,2.7,230400d,"['sony', 'cybershot', 'dscw630', 'point', 'shoot', 'price', 'india', 'offers', 'reviews', 'full', 'specifications', 'pricedekhocom']"
www.pricedekho.com//1237,2.7,230000d,"['canon', 'eos', '1100d', 'dslr', 'kit', 'efs1855mm', 'ii', 'black', 'price', 'india', 'offers', 'reviews', 'full', 'specifications', 'pricedekhocom']"
www.pricedekho.com//1051,,,"['ricoh', 'pentax', 'k30', 'dslr', 'kit', '18135mm', 'black', 'price', 'india', 'offers', 'full', 'specifications', 'pricedekhocom']"
www.pricedekho.com//1006,,,"['nikon', 'coolpix', 's9700', 'point', 'shoot', 'price', 'india', 'offers', 'full', 'specifications', 'pricedekhocom']"
www.pricedekho.com//1194,2.7,230000d,"['panasonic', 'lumix', 'dmcs2', 'point', 'shoot', 'digital', 'camera', 'black', 'price', 'india', 'offers', 'full', 'specifications', 'pricedekhocom']"
www.pricedekho.com//761,3,,"['panasonic', 'lumix', 'fh22', 'point', 'shoot', 'price', 'india', 'offers', 'full', 'specifications', 'pricedekhocom']"
www.pricedekho.com//813,3,460800d,"['sony', 'alpha', 'a5000', 'price', 'india', 'offers', 'reviews', 'full', 'specifications', 'pricedekhocom']"
www.pricedekho.com//1061,,,"['samsung', 'es90', 'point', 'shoot', 'digital', 'camera', 'black', 'price', 'india', 'offers', 'reviews', 'full', 'specifications', 'pricedekhocom']"
www.pricedekho.com//1066,,,"['olympus', 'sh25mr', 'point', 'shoot', 'digital', 'camera', 'black', 'price', 'india', 'offers', 'full', 'specifications', 'pricedekhocom']"
www.pricedekho.com//1017,,,"['fujifilm', 'finepix', 'jx420', 'point', 'shoot', 'price', 'india', 'offers', 'full', 'specifications', 'pricedekhocom']"
www.pricedekho.com//1105,2.7,230400d,"['sony', 'cybershot', 'dscw610', 'point', 'shoot', 'digital', 'camera', 'black', 'price', 'india', 'offers', 'reviews', 'full', 'specifications', 'pricedekhocom']"
www.pricedekho.com//1165,3,460000d,"['nikon', 'coolpix', 'l330', 'point', 'shoot', 'price', 'india', 'offers', 'reviews', 'full', 'specifications', 'pricedekhocom']"
www.pricedekho.com//1123,3,,"['canon', 'eos', '60d', 'dslr', 'kit', 'iii', 'efs18200mm', 'black', 'price', 'india', 'offers', 'reviews', 'full', 'specifications', 'pricedekhocom']"
www.pricedekho.com//981,,,"['panasonic', 'lumix', 'dmcfh27', 'point', 'shoot', 'digital', 'camera', 'black', 'price', 'india', 'offers', 'full', 'specifications', 'pricedekhocom']"
www.pricedekho.com//1174,,,"['samsung', 'es95', 'point', 'shoot', 'digital', 'camera', 'white', 'price', 'india', 'offers', 'full', 'specifications', 'pricedekhocom']"
www.pricedekho.com//766,2.7,,"['canon', 'eos', '1100d', '1855', 'mm', '55250', 'mm', 'price', 'india', 'offers', 'full', 'specifications', 'pricedekhocom']"
www.pricedekho.com//1173,3,230000d,"['canon', 'ixus', '115', 'hs', 'price', 'india', 'offers', 'reviews', 'full', 'specifications', 'pricedekhocom']"
www.pricedekho.com//730,2.7,,"['nikon', 'coolpix', 's31', 'point', 'shoot', 'digital', 'camera', 'yellow', 'price', 'india', 'offers', 'full', 'specifications', 'pricedekhocom']"
www.pricedekho.com//727,2.7,230000d,"['samsung', 'dv100', 'point', 'shoot', 'price', 'india', 'offers', 'full', 'specifications', 'pricedekhocom']"
www.pricedekho.com//1022,,,"['nikon', 'd800', 'slr', 'body', 'price', 'india', 'offers', 'reviews', 'full', 'specifications', 'pricedekhocom']"
www.pricedekho.com//992,,,"['nikon', 'coolpix', 's3300', 'point', 'shoot', 'digital', 'camera', 'black', 'price', 'india', 'offers', 'full', 'specifications', 'pricedekhocom']"
www.pricedekho.com//994,,,"['olympus', 'mju', '7040', 'price', 'india', 'offers', 'full', 'specifications', 'pricedekhocom']"
www.pricedekho.com//1014,3,,"['panasonic', 'lumix', 'dmcgf2', 'point', 'shoot', 'digital', 'camera', 'black', 'price', 'india', 'offers', 'full', 'specifications', 'pricedekhocom']"
www.pricedekho.com//1100,3,230000d,"['panasonic', 'lumix', 'dmc', 'fx', '80', 'price', 'india', 'offers', 'full', 'specifications', 'pricedekhocom']"
www.pricedekho.com//1217,3,,"['nikon', 'coolpix', 'l810', 'point', 'shoot', 'digital', 'camera', 'blue', 'price', 'india', 'offers', 'full', 'specifications', 'pricedekhocom']"
www.pricedekho.com//1159,3,1228800d,"['sony', 'cybershot', 'dscrx100', 'point', 'shoot', 'price', 'india', 'offers', 'reviews', 'full', 'specifications', 'pricedekhocom']"
www.pricedekho.com//1204,3,460000d,"['fujifilm', 'finepix', 's4000', 'price', 'india', 'offers', 'full', 'specifications', 'pricedekhocom']"
www.pricedekho.com//1114,3,460000d,"['panasonic', 'lumix', 'dmcgx1w', 'price', 'india', 'offers', 'reviews', 'full', 'specifications', 'pricedekhocom']"
www.pricedekho.com//1158,,,"['nikon', 'coolpix', 'p500', 'point', 'shoot', 'digital', 'camera', 'red', 'price', 'india', 'offers', 'full', 'specifications', 'pricedekhocom']"
www.pricedekho.com//958,,,"['panasonic', 'lumix', 'dmcs3', 'point', 'shoot', 'digital', 'camera', 'black', 'price', 'india', 'offers', 'full', 'specifications', 'pricedekhocom']"
www.pricedekho.com//1112,3,,"['fujifilm', 'finepix', 'f900exr', 'price', 'india', 'offers', 'full', 'specifications', 'pricedekhocom']"
www.pricedekho.com//1025,,,"['kodak', 'easyshare', 'touch', 'm577', 'price', 'india', 'offers', 'full', 'specifications', 'pricedekhocom']"
www.pricedekho.com//1260,3,460000d,"['nikon', 'coolpix', 's4150', 'point', 'shoot', 'digital', 'camera', 'black', 'price', 'india', 'offers', 'reviews', 'full', 'specifications', 'pricedekhocom']"
www.pricedekho.com//757,3.5,460000d,"['fujifilm', 'finepix', 'z900', 'exr', 'price', 'india', 'offers', 'full', 'specifications', 'pricedekhocom']"
www.pricedekho.com//759,2.7,230000d,"['fujifilm', 'finepix', 'jx300', 'point', 'shoot', 'digital', 'camera', 'black', 'price', 'india', 'offers', 'full', 'specifications', 'pricedekhocom']"
www.pricedekho.com//1067,,,"['fujifilm', 'finepix', 's3300', 'point', 'shoot', 'price', 'india', 'offers', 'full', 'specifications', 'pricedekhocom']"
www.pricedekho.com//751,3,1040000d,"['canon', 'eos', '600d', 'dslr', 'kit', '1855', 'mm', 'black', 'price', 'india', 'offers', 'reviews', 'full', 'specifications', 'pricedekhocom']"
www.pricedekho.com//1254,3,230000d,"['panasonic', 'lumix', 'dmcfx80', 'point', 'shoot', 'digital', 'camera', 'black', 'price', 'india', 'offers', 'reviews', 'full', 'specifications', 'pricedekhocom']"
www.pricedekho.com//752,,,"['panasonic', 'lumix', 'dmc', 'lx7', 'point', 'shoot', 'price', 'india', 'offers', 'reviews', 'full', 'specifications', 'pricedekhocom']"
www.pricedekho.com//990,,,"['canon', 'powershot', 'sx400', 'point', 'shoot', 'red', 'price', 'india', 'offers', 'full', 'specifications', 'pricedekhocom']"
www.pricedekho.com//1215,3,230000d,"['olympus', 'sp', '810uz', 'point', 'shoot', 'digital', 'camera', 'black', 'price', 'india', 'offers', 'reviews', 'full', 'specifications', 'pricedekhocom']"
www.pricedekho.com//1226,3,1040000d,"['canon', 'eos', '600d', 'dslr', 'kit', '18135mm', 'black', 'price', 'india', 'offers', 'reviews', 'full', 'specifications', 'pricedekhocom']"
www.pricedekho.com//1171,3,460000d,"['nikon', '1', 'j1', 'mirrorless', '1030', 'mm', 'price', 'india', 'offers', 'reviews', 'full', 'specifications', 'pricedekhocom']"
www.pricedekho.com//1187,3,,"['samsung', 'nx', 'mini', 'smart', 'camera', '927', 'mm', 'lens', 'price', 'india', 'offers', 'full', 'specifications', 'pricedekhocom']"
www.pricedekho.com//1210,3.2,921000d,"['nikon', 'coolpix', 'p520', 'point', 'shoot', 'digital', 'camera', 'black', 'price', 'india', 'offers', 'reviews', 'full', 'specifications', 'pricedekhocom']"
www.pricedekho.com//745,3,230000d,"['canon', 'powershot', 'a2600', 'point', 'shoot', 'digital', 'camera', 'black', 'price', 'india', 'offers', 'full', 'specifications', 'pricedekhocom']"
www.pricedekho.com//1083,,,"['canon', 'powershot', 'a2400', 'point', 'shoot', 'digital', 'camera', 'black', 'price', 'india', 'offers', 'reviews', 'full', 'specifications', 'pricedekhocom']"
www.pricedekho.com//978,,,"['canon', 'powershot', 'a2500', 'point', 'shoot', 'digital', 'camera', 'black', 'price', 'india', 'offers', 'reviews', 'full', 'specifications', 'pricedekhocom']"
www.pricedekho.com//1140,3,,"['samsung', 'wb700', 'price', 'india', 'offers', 'full', 'specifications', 'pricedekhocom']"
www.pricedekho.com//1258,2.8,461000d,"['canon', 'powershot', 'g12', 'point', 'shoot', 'price', 'india', 'offers', 'reviews', 'full', 'specifications', 'pricedekhocom']"
www.pricedekho.com//1004,,,"['sony', 'cybershot', 'dscw730', 'point', 'shoot', 'digital', 'camera', 'green', 'price', 'india', 'offers', 'full', 'specifications', 'pricedekhocom']"
www.pricedekho.com//746,3,460000d,"['olympus', 'pen', 'lite', 'epl3', 'mirrorless', 'kit', '1442mm', 'black', 'price', 'india', 'offers', 'reviews', 'full', 'specifications', 'pricedekhocom']"
www.pricedekho.com//1070,,,"['nikon', 'coolpix', 's9400', 'point', 'shoot', 'digital', 'camera', 'black', 'price', 'india', 'offers', 'full', 'specifications', 'pricedekhocom']"
www.pricedekho.com//1163,3,,"['fujifilm', 'finepix', 's6800', 'point', 'shoot', 'price', 'india', 'offers', 'reviews', 'full', 'specifications', 'pricedekhocom']"
www.pricedekho.com//1219,2.7,230000d,"['canon', 'ixus', '145', 'point', 'shoot', 'price', 'india', 'offers', 'reviews', 'full', 'specifications', 'pricedekhocom']"
www.pricedekho.com//1063,,,"['olympus', 'stylus', 'sz16', 'point', 'shoot', 'price', 'india', 'offers', 'reviews', 'full', 'specifications', 'pricedekhocom']"
www.pricedekho.com//1065,,,"['samsung', 'st65', 'price', 'india', 'offers', 'full', 'specifications', 'pricedekhocom']"
www.pricedekho.com//967,,,"['nikon', 'd610', 'dslr', 'body', 'black', 'price', 'india', 'offers', 'full', 'specifications', 'pricedekhocom']"
www.pricedekho.com//1263,3,460000d,"['fujifilm', 'finepix', 'f500exr', 'point', 'shoot', 'price', 'india', 'offers', 'full', 'specifications', 'pricedekhocom']"
www.pricedekho.com//1032,,,"['olympus', 'stylus', 'xz10', 'point', 'shoot', 'price', 'india', 'offers', 'reviews', 'full', 'specifications', 'pricedekhocom']"
www.pricedekho.com//1238,3,921000d,"['nikon', 'd5100', 'dslr', 'body', 'black', 'price', 'india', 'offers', 'reviews', 'full', 'specifications', 'pricedekhocom']"
www.pricedekho.com//1256,3,461000d,"['canon', 'powershot', 's100', 'point', 'shoot', 'digital', 'camera', 'black', 'price', 'india', 'offers', 'reviews', 'full', 'specifications', 'pricedekhocom']"
www.pricedekho.com//1191,3,,"['nikon', 'coolpix', 's4000', 'price', 'india', 'offers', 'reviews', 'full', 'specifications', 'pricedekhocom']"
www.pricedekho.com//1222,3,920000d,"['nikon', 'd700', 'dslr', 'body', 'black', 'price', 'india', 'offers', 'reviews', 'full', 'specifications', 'pricedekhocom']"
www.pricedekho.com//1188,3,230000d,"['nikon', 'coolpix', 'l26', 'point', 'shoot', 'digital', 'camera', 'black', 'price', 'india', 'offers', 'reviews', 'full', 'specifications', 'pricedekhocom']"
www.pricedekho.com//1193,3,921000d,"['nikon', 'd3200', 'dslr', 'vr', 'kit', 'afs1855mm', 'black', 'price', 'india', 'offers', 'reviews', 'full', 'specifications', 'pricedekhocom']"
www.pricedekho.com//729,3,230000d,"['canon', 'powershot', 'a4000', 'point', 'shoot', 'digital', 'camera', 'black', 'price', 'india', 'offers', 'full', 'specifications', 'pricedekhocom']"
www.pricedekho.com//1092,2.7,,"['samsung', 'wb35f', 'digital', 'camera', 'white', 'price', 'india', 'offers', 'full', 'specifications', 'pricedekhocom']"
www.pricedekho.com//1011,,,"['panasonic', 'lumix', 'dmcsz1', 'point', 'shoot', 'digital', 'camera', 'black', 'price', 'india', 'offers', 'full', 'specifications', 'pricedekhocom']"
www.pricedekho.com//991,,,"['panasonic', 'lumix', 'dmctz30', 'point', 'shoot', 'digital', 'camera', 'black', 'price', 'india', 'offers', 'reviews', 'full', 'specifications', 'pricedekhocom']"
www.pricedekho.com//1138,3,230000d,"['canon', 'powershot', 'a3300', 'point', 'shoot', 'digital', 'camera', 'black', 'price', 'india', 'offers', 'reviews', 'full', 'specifications', 'pricedekhocom']"
www.pricedekho.com//1178,2.7,230400d,"['sony', 'dscwx80', 'point', 'shoot', 'price', 'india', 'offers', 'full', 'specifications', 'pricedekhocom']"
www.pricedekho.com//997,,,"['fujifilm', 'finepix', 'f80exr', 'price', 'india', 'offers', 'full', 'specifications', 'pricedekhocom']"
www.pricedekho.com//1124,3,230000d,"['fujifilm', 'finepix', 's4800', 'point', 'shoot', 'price', 'india', 'offers', 'full', 'specifications', 'pricedekhocom']"
